{
    "cpu_cycles_pass2_start": 3977868101439,
    "CurCompileUdps": {},
    "rlimit": {
        "data": -1,
        "stack": -1
    },
    "cycles_program_begin": 3975645024845,
    "PrevCompiledModules": {
        "tb_dut": {
            "GJhep_d": {
                "mode": 4,
                "mod": "tb_dut",
                "bytes": 13388,
                "out": "GJhep_d.o",
                "archive": "archive.5/_13594_archive_1.a",
                "checksum": 0
            }
        },
        "...MASTER...": {
            "amcQw_d": {
                "mode": 4,
                "mod": "...MASTER...",
                "bytes": 7706,
                "checksum": 0,
                "out": "objs/amcQw_d.o"
            }
        }
    },
    "perf": [
        {
            "stat": [
                "main",
                "entry",
                0.17824411392211914,
                0.593252,
                0.17707500000000001,
                211360,
                211360,
                0.0,
                0.0,
                1701501914.991322,
                3975651788453
            ],
            "sub": [
                {
                    "stat": [
                        "doParsingAndDesignResolution",
                        "entry",
                        0.26275014877319336,
                        0.62634599999999996,
                        0.21646499999999999,
                        267240,
                        268040,
                        0.0,
                        0.0,
                        1701501915.0758281,
                        3975878109971
                    ],
                    "sub": []
                },
                {
                    "stat": [
                        "doParsingAndDesignResolution",
                        "exit",
                        0.33842015266418457,
                        0.68959599999999999,
                        0.22719600000000001,
                        267484,
                        268132,
                        0.0,
                        0.0,
                        1701501915.1514981,
                        3976081145603
                    ],
                    "sub": []
                },
                {
                    "stat": [
                        "doPostDesignResolutionToVir2Vcs",
                        "entry",
                        0.34294319152832031,
                        0.69208899999999995,
                        0.22902900000000001,
                        267628,
                        268132,
                        0.0,
                        0.0,
                        1701501915.1560211,
                        3976093253549
                    ],
                    "sub": [
                        {
                            "stat": [
                                "doUptoVir2VcsNoSepCleanup",
                                "entry",
                                0.36807513236999512,
                                0.71316800000000002,
                                0.23305500000000001,
                                268744,
                                268748,
                                0.0,
                                0.0,
                                1701501915.1811531,
                                3976161004271
                            ],
                            "sub": []
                        },
                        {
                            "stat": [
                                "doUptoVir2VcsNoSepCleanup",
                                "exit",
                                0.75107097625732422,
                                0.87668800000000002,
                                0.276532,
                                270168,
                                282524,
                                0.032196000000000002,
                                0.057243000000000002,
                                1701501915.5641489,
                                3977190619479
                            ],
                            "sub": []
                        },
                        {
                            "stat": [
                                "doRadify_vir2vcsAll",
                                "entry",
                                0.75228309631347656,
                                0.87684899999999999,
                                0.27758500000000003,
                                270168,
                                282524,
                                0.032196000000000002,
                                0.057243000000000002,
                                1701501915.565361,
                                3977193815285
                            ],
                            "sub": []
                        },
                        {
                            "stat": [
                                "doRadify_vir2vcsAll",
                                "exit",
                                0.77186298370361328,
                                0.89149400000000001,
                                0.28247299999999997,
                                270168,
                                282524,
                                0.032196000000000002,
                                0.057243000000000002,
                                1701501915.5849409,
                                3977246294435
                            ],
                            "sub": []
                        }
                    ]
                },
                {
                    "stat": [
                        "doPostDesignResolutionToVir2Vcs",
                        "exit",
                        0.77194309234619141,
                        0.89155700000000004,
                        0.28249299999999999,
                        270168,
                        282524,
                        0.032196000000000002,
                        0.057243000000000002,
                        1701501915.585021,
                        3977246432089
                    ],
                    "sub": []
                },
                {
                    "stat": [
                        "doGAToPass2",
                        "entry",
                        0.77203607559204102,
                        0.89162699999999995,
                        0.28251500000000002,
                        270168,
                        282524,
                        0.032196000000000002,
                        0.057243000000000002,
                        1701501915.585114,
                        3977246702271
                    ],
                    "sub": [
                        {
                            "stat": [
                                "DoPass2",
                                "entry",
                                1.0030591487884521,
                                0.89619099999999996,
                                0.28970800000000002,
                                268612,
                                282524,
                                0.176923,
                                0.13255400000000001,
                                1701501915.8161371,
                                3977868059671
                            ],
                            "sub": []
                        },
                        {
                            "stat": [
                                "DoPass2",
                                "exit",
                                1.148669958114624,
                                0.98811400000000005,
                                0.32970500000000003,
                                274376,
                                282524,
                                0.181145,
                                0.14205400000000001,
                                1701501915.9617479,
                                3978259363863
                            ],